,Jp_name,category
0,アマランサス　玄穀,穀物
1,あわ　精白粒,穀物
2,あわ　あわもち,穀物
3,えんばく オートミール,穀物
4,おおむぎ 七分つき押麦,穀物
5,おおむぎ　押麦,穀物
6,おおむぎ　米粒麦,穀物
7,おおむぎ　大麦めん,穀物
8,おおむぎ　麦こがし,穀物
9,きび　精白粒,穀物
10,こむぎ,穀物
11,こむぎ　　薄力粉,穀物
12,こむぎ　　中力粉,穀物
13,こむぎ　　強力粉,穀物
14,こむぎ　　強力粉　全粒粉,穀物
15,こむぎ　　プレミックス粉　お好み用,穀物
16,こむぎ　　プレミックス粉　ホットケーキ用,穀物
17,こむぎ　　プレミックス粉　から揚げ用,穀物
18,こむぎ　　プレミックス粉　天ぷら用,穀物
19,こむぎ　　食パン,穀物
20,こむぎ　　コッペパン,穀物
21,こむぎ　　パン,穀物
22,こむぎ　　フランスパン,穀物
23,こむぎ　　ライ麦パン,穀物
24,こむぎ　　ぶどうパン,穀物
25,こむぎ　　ロールパン,穀物
26,こむぎ　　クロワッサン,穀物
27,こむぎ　　イングリッシュマフィン,穀物
28,こむぎ　　ナン,穀物
29,こむぎ　　ベーグル,穀物
30,こむぎ　　うどん,穀物
31,こむぎ　　干しうどん,穀物
32,こむぎ　　そうめん・ひやむぎ,穀物
33,こむぎ　　手延そうめん・手延ひやむぎ,穀物
34,こむぎ　　中華めん,穀物
35,こむぎ　　干し中華めん,穀物
36,こむぎ　　沖縄そば,穀物
37,こむぎ　　干し沖縄そば,穀物
38,こむぎ　　即席中華めん　油揚げ,穀物
39,こむぎ　　即席中華めん　非油揚げ,穀物
40,こむぎ　　中華スタイル即席カップめん　油揚げ,穀物
41,こむぎ　　中華スタイル即席カップめん　油揚げ　そば,穀物
42,こむぎ　　中華スタイル即席カップめん　非油揚げ,穀物
43,こむぎ　　和風スタイル即席カップめん　油揚げ,穀物
44,こむぎ　　マカロニ・スパゲッティ,穀物
45,こむぎ　　パスタ,穀物
46,こむぎ　　ふ,穀物
47,こむぎ　　ふ　釜ふ,穀物
48,こむぎ　　ふ　板ふ,穀物
49,こむぎ　　ふ　車ふ,穀物
50,こむぎ　　小麦はいが,穀物
51,こむぎ　　小麦たんぱく　粉末状,穀物
52,こむぎ　　小麦たんぱく　粒状,穀物
53,こむぎ　　小麦たんぱく　ペースト状,穀物
54,こむぎ　　ぎょうざの皮,穀物
55,こむぎ　　しゅうまいの皮,穀物
56,こむぎ　　ピザ地,穀物
57,こむぎ　　ちくわぶ,穀物
58,こむぎ　　パン粉,穀物
59,こむぎ　　パン粉　半,穀物
60,こむぎ　　冷めん,穀物
61,こめ　　玄米,穀物
62,こめ　　半つき米,穀物
63,こめ　　七分つき米,穀物
64,こめ　　精白米　うるち米,穀物
65,こめ　　精白米　もち米,穀物
66,こめ　　精白米　インディカ米,穀物
67,こめ　　はいが精米,穀物
68,こめ　　発芽玄米,穀物
69,こめ　　精白米,穀物
70,こめ　　アルファ化米,穀物
71,こめ　　おにぎり,穀物
72,こめ　　きりたんぽ,穀物
73,こめ　　上新粉,穀物
74,こめ　　玄米粉,穀物
75,こめ　　米粉,穀物
76,こめ　　米粉パン,穀物
77,こめ　　米粉めん,穀物
78,こめ　　ビーフン,穀物
79,こめ　　米こうじ,穀物
80,こめ　　もち,穀物
81,こめ　　赤飯,穀物
82,こめ　　あくまき,穀物
83,こめ　　白玉粉,穀物
84,こめ　　道明寺粉,穀物
85,こめ　　米ぬか,穀物
86,そば　そば粉,穀物
87,そば　そば米,穀物
88,そば　そば,穀物
89,そば　干しそば,穀物
90,とうもろこし　玄穀,穀物
91,とうもろこし　コーンミール,穀物
92,とうもろこし　コーングリッツ,穀物
93,とうもろこし　コーンフラワー,穀物
94,とうもろこし　ジャイアントコーン,穀物
95,とうもろこし　ポップコーン,穀物
96,とうもろこし　コーンフレーク,穀物
97,はとむぎ　精白粒,穀物
98,ひえ　精白粒,穀物
99,もろこし　玄穀,穀物
100,もろこし　精白粒,穀物
101,ライむぎ　全粒粉,穀物
102,ライむぎ　ライ麦粉,穀物
103,穀類混合品　五穀,穀物
104,きくいも,芋およびでん粉類
105,こんにゃく　精粉,芋およびでん粉類
106,こんにゃく　板こんにゃく　精粉こんにゃく,芋およびでん粉類
107,こんにゃく　板こんにゃく　いもこんにゃく,芋およびでん粉類
108,こんにゃく　赤こんにゃく,芋およびでん粉類
109,こんにゃく　凍みこんにゃく,芋およびでん粉類
110,こんにゃく　しらたき,芋およびでん粉類
111,さつまいも　塊根,芋およびでん粉類
112,さつまいも　塊根　　天ぷら,芋およびでん粉類
113,さつまいも　切干,芋およびでん粉類
114,むらさきいも　塊根,芋およびでん粉類
115,　さといも　球茎,芋およびでん粉類
116,　セレベス　球茎,芋およびでん粉類
117,　たけのこいも　球茎,芋およびでん粉類
118,　みずいも　球茎,芋およびでん粉類
119,　やつがしら　球茎,芋およびでん粉類
120,じゃがいも,芋およびでん粉類
121,じゃがいも　ドポテト,芋およびでん粉類
122,じゃがいも　マッシュポテト,芋およびでん粉類
123,ヤーコン　塊根,芋およびでん粉類
124,　ながいも　いちょういも　塊根,芋およびでん粉類
125,　ながいも　ながいも　塊根,芋およびでん粉類
126,　ながいも　やまといも　塊根,芋およびでん粉類
127,　じねんじょ　塊根,芋およびでん粉類
128,　だいじょ　塊根,芋およびでん粉類
129,　キャッサバでん粉,芋およびでん粉類
130,　くずでん粉,芋およびでん粉類
131,　米でん粉,芋およびでん粉類
132,　小麦でん粉,芋およびでん粉類
133,　サゴでん粉,芋およびでん粉類
134,　さつまいもでん粉,芋およびでん粉類
135,　じゃがいもでん粉,芋およびでん粉類
136,　とうもろこしでん粉,芋およびでん粉類
137,　くずきり,芋およびでん粉類
138,　ごま豆腐,芋およびでん粉類
139,　タピオカパール,芋およびでん粉類
140,　でん粉めん,芋およびでん粉類
141,　はるさめ　緑豆はるさめ,芋およびでん粉類
142,　はるさめ　はるさめ,芋およびでん粉類
143,　黒砂糖,砂糖および甘味類
144,　和三盆糖,砂糖および甘味類
145,　車糖　上白糖,砂糖および甘味類
146,　車糖　三温糖,砂糖および甘味類
147,　ざらめ糖　グラニュー糖,砂糖および甘味類
148,　ざらめ糖　白ざら糖,砂糖および甘味類
149,　ざらめ糖　中ざら糖,砂糖および甘味類
150,　加工糖　角砂糖,砂糖および甘味類
151,　加工糖　氷砂糖,砂糖および甘味類
152,　加工糖　コーヒーシュガー,砂糖および甘味類
153,　加工糖　粉糖,砂糖および甘味類
154,　液糖　しょ糖型液糖,砂糖および甘味類
155,　液糖　転化型液糖,砂糖および甘味類
156,　氷糖みつ,砂糖および甘味類
157,　粉あめ,砂糖および甘味類
158,　水あめ　酵素糖化,砂糖および甘味類
159,　水あめ　酸糖化,砂糖および甘味類
160,　ぶどう糖　全糖,砂糖および甘味類
161,　ぶどう糖　含水結晶,砂糖および甘味類
162,　ぶどう糖　無水結晶,砂糖および甘味類
163,　果糖,砂糖および甘味類
164,　異性化液糖　ぶどう糖果糖液糖,砂糖および甘味類
165,　異性化液糖　果糖ぶどう糖液糖,砂糖および甘味類
166,　異性化液糖　高果糖液糖,砂糖および甘味類
167,　黒蜜,砂糖および甘味類
168,　はちみつ,砂糖および甘味類
169,　メープルシロップ,砂糖および甘味類
170,あずき　全粒,豆類
171,あずき　小豆缶詰,豆類
172,あずき　あん　こしあん,豆類
173,あずき　あん　さらしあん,豆類
174,あずき　あん　つぶしあん,豆類
175,いんげんまめ　全粒,豆類
176,いんげんまめ　うずら豆,豆類
177,いんげんまめ　こしあん,豆類
178,いんげんまめ　豆きんとん,豆類
179,えんどう　全粒　青えんどう,豆類
180,えんどう　全粒　赤えんどう,豆類
181,えんどう　グリンピース,豆類
182,えんどう　塩豆,豆類
183,えんどう　うぐいす豆,豆類
184,ささげ　全粒,豆類
185,そらまめ　全粒,豆類
186,そらまめ　ビーンズ,豆類
187,そらまめ　おたふく豆,豆類
188,そらまめ　ふき豆,豆類
189,そらまめ　しょうゆ豆,豆類
190,だいず　　全粒　　黄大豆,豆類
191,だいず　　全粒　　黒大豆,豆類
192,だいず　　全粒　米　黄大豆,豆類
193,だいず　　全粒　中　黄大豆,豆類
194,だいず　　全粒　ブラジル産　黄大豆,豆類
195,だいず　　大豆　黄大豆,豆類
196,だいず　　大豆　黒大豆,豆類
197,だいず　　大豆　青大豆,豆類
198,だいず　　缶詰　黄大豆,豆類
199,だいず　　きな粉　全粒大豆　黄大豆,豆類
200,だいず　　きな粉　全粒大豆　青大豆,豆類
201,だいず　　きな粉　脱皮大豆　黄大豆,豆類
202,だいず　　大豆はいが,豆類
203,だいず　　ぶどう豆,豆類
204,だいず　　木綿豆腐,豆類
205,だいず　　絹ごし豆腐,豆類
206,だいず　　ソフト豆腐,豆類
207,だいず　　充てん豆腐,豆類
208,だいず　　沖縄豆腐,豆類
209,だいず　　ゆし豆腐,豆類
210,だいず　　豆腐,豆類
211,だいず　　揚げ,豆類
212,だいず　　油揚げ,豆類
213,だいず　　油揚げ　油抜き,豆類
214,だいず　　がんもどき,豆類
215,だいず　　凍り豆腐,豆類
216,だいず　　豆腐よう,豆類
217,だいず　　豆腐竹輪,豆類
218,だいず　　ろくじょう豆腐,豆類
219,だいず　　糸引き納豆,豆類
220,だいず　　挽きわり納豆,豆類
221,だいず　　五斗納豆,豆類
222,だいず　　寺納豆,豆類
223,だいず　　おから,豆類
224,だいず　　豆乳　豆乳,豆類
225,だいず　　豆乳　調製豆乳,豆類
226,だいず　　豆乳　豆乳飲料・麦芽コーヒー,豆類
227,だいず　　大豆たんぱく　粒状大豆たんぱく,豆類
228,だいず　　大豆たんぱく　濃縮大豆たんぱく,豆類
229,だいず　　大豆たんぱく　分離大豆たんぱく　塩分無調整タイプ,豆類
230,だいず　　大豆たんぱく　分離大豆たんぱく　塩分調整タイプ,豆類
231,だいず　　大豆たんぱく　繊維状大豆たんぱく,豆類
232,だいず　　湯葉,豆類
233,だいず　　湯葉　干し,豆類
234,だいず　　湯葉　干し　湯戻し,豆類
235,だいず　　金山寺みそ,豆類
236,だいず　　ひしおみそ,豆類
237,だいず　　テンペ,豆類
238,つるあずき　全粒,豆類
239,ひよこまめ　全粒,豆類
240,べにばないんげん　全粒,豆類
241,らいまめ　全粒,豆類
242,りょくとう　全粒,豆類
243,レンズまめ　全粒,豆類
244,アーモンド,種実類
245,アーモンド　　無塩,種実類
246,あさ,種実類
247,あまに,種実類
248,えごま,種実類
249,カシューナッツ,種実類
250,かぼちゃ,種実類
251,かや,種実類
252,ぎんなん,種実類
253,　日本ぐり,種実類
254,　日本ぐり　甘露煮,種実類
255,　中国ぐり　甘ぐり,種実類
256,くるみ,種実類
257,けし,種実類
258,ココナッツ　ココナッツパウダー,種実類
259,ごま,種実類
260,ごま　むき,種実類
261,ごま　ねり,種実類
262,しい,種実類
263,すいか,種実類
264,とち,種実類
265,はす,種実類
266,ひし,種実類
267,ピスタチオ,種実類
268,ひまわり,種実類
269,ブラジルナッツ,種実類
270,ヘーゼルナッツ,種実類
271,ペカン,種実類
272,マカダミアナッツ,種実類
273,まつ,種実類
274,らっかせい　　大粒種,種実類
275,らっかせい　　小粒種,種実類
276,らっかせい　バターピーナッツ,種実類
277,らっかせい　ピーナッツバター,種実類
278,アーティチョーク　花らい,野菜類
279,あさつき　葉,野菜類
280,あしたば　茎葉,野菜類
281,アスパラガス　若茎,野菜類
282,アスパラガス　缶詰,野菜類
283,アロエ　葉,野菜類
284,いんげんまめ　さやいんげん　若ざや,野菜類
285,　うど　茎,野菜類
286,　やまうど　茎,野菜類
287,えだまめ,野菜類
288,エンダイブ　葉,野菜類
289,　トウミョウ　茎葉,野菜類
290,　トウミョウ　芽ばえ,野菜類
291,　さやえんどう　若ざや,野菜類
292,　スナップえんどう　若ざや,野菜類
293,　グリンピース,野菜類
294,　グリンピース　缶詰,野菜類
295,おおさかしろな　葉,野菜類
296,おおさかしろな,野菜類
297,おかひじき　茎葉,野菜類
298,オクラ　果実,野菜類
299,かぶ　葉,野菜類
300,かぶ　根,野菜類
301,かぶ　漬物　　葉,野菜類
302,かぶ　漬物　　根,野菜類
303,かぶ　漬物　ぬかみそ漬　葉,野菜類
304,かぶ　漬物　ぬかみそ漬　根,野菜類
305,　日本かぼちゃ　果実,野菜類
306,　西洋かぼちゃ　果実,野菜類
307,　そうめんかぼちゃ　果実,野菜類
308,からしな　葉,野菜類
309,からしな,野菜類
310,カリフラワー　花序,野菜類
311,かんぴょう,野菜類
312,きく　花びら,野菜類
313,きく　菊のり,野菜類
314,　キャベツ　結球葉,野菜類
315,　グリーンボール　結球葉,野菜類
316,　レッドキャベツ　結球葉,野菜類
317,きゅうり　果実,野菜類
318,きゅうり　漬物,野菜類
319,きゅうり　漬物　しょうゆ漬,野菜類
320,きゅうり　漬物　ぬかみそ漬,野菜類
321,きゅうり　漬物　ピクルス,野菜類
322,ぎょうじゃにんにく　葉,野菜類
323,キンサイ　茎葉,野菜類
324,クレソン　茎葉,野菜類
325,くわい,野菜類
326,ケール　葉,野菜類
327,コールラビ　球茎,野菜類
328,こごみ　若芽,野菜類
329,ごぼう　根,野菜類
330,こまつな　葉,野菜類
331,ザーサイ 　漬物,野菜類
332,さんとうさい　葉,野菜類
333,さんとうさい,野菜類
334,しかくまめ　若ざや,野菜類
335,ししとう　果実,野菜類
336,しそ　葉,野菜類
337,しそ　実,野菜類
338,じゅうろくささげ　若ざや,野菜類
339,しゅんぎく　葉,野菜類
340,じゅんさい　若葉　びん詰,野菜類
341,　葉しょうが　根茎,野菜類
342,　しょうが　根茎,野菜類
343,　しょうが　漬物　酢漬,野菜類
344,　しょうが　漬物　甘酢漬,野菜類
345,しろうり　果実,野菜類
346,しろうり　漬物,野菜類
347,しろうり　漬物　奈良漬,野菜類
348,ずいき　ずいき,野菜類
349,ずいき　干しずいき,野菜類
350,すぐきな　葉,野菜類
351,すぐきな　根,野菜類
352,すぐきな　すぐき漬,野菜類
353,ズッキーニ　果実,野菜類
354,せり　茎葉,野菜類
355,セロリ　葉柄,野菜類
356,ぜんまい　ぜんまい　若芽,野菜類
357,ぜんまい　干しぜんまい　干し若芽,野菜類
358,そらまめ　豆,野菜類
359,タアサイ　葉,野菜類
360,　かいわれだいこん　芽ばえ,野菜類
361,　葉だいこん　葉,野菜類
362,　だいこん　葉,野菜類
363,　だいこん　根,野菜類
364,　切干しだいこん,野菜類
365,　漬物　ぬかみそ漬,野菜類
366,　漬物　たくあん漬　塩押しだいこん漬,野菜類
367,　漬物　たくあん漬　干しだいこん漬,野菜類
368,　漬物　守口漬,野菜類
369,　漬物　べったら漬,野菜類
370,　漬物　みそ漬,野菜類
371,　漬物　福神漬,野菜類
372,　つまみな　葉,野菜類
373,　たいさい　葉,野菜類
374,　たいさい,野菜類
375,たかな　葉,野菜類
376,たかな　たかな漬,野菜類
377,たけのこ　若茎,野菜類
378,たけのこ　缶詰,野菜類
379,たけのこ　めんま　塩蔵　塩抜き,野菜類
380,　たまねぎ　りん茎,野菜類
381,　赤たまねぎ　りん茎,野菜類
382,　葉たまねぎ　りん茎及び葉,野菜類
383,たらのめ　若芽,野菜類
384,チコリ　若芽,野菜類
385,チンゲンサイ　葉,野菜類
386,つくし　胞子茎,野菜類
387,つるな　茎葉,野菜類
388,つるむらさき　茎葉,野菜類
389,つわぶき　葉柄,野菜類
390,とうがらし　葉･果実,野菜類
391,とうがらし　果実,野菜類
392,とうがん　果実,野菜類
393,　スイートコーン　種子,野菜類
394,　スイートコーン　種子　電子レンジ調理,野菜類
395,　スイートコーン　種子　穂軸つき,野菜類
396,　スイートコーン　種子　カーネル,野菜類
397,　スイートコーン　缶詰　クリームスタイル,野菜類
398,　スイートコーン　缶詰　ホールカーネルスタイル,野菜類
399,　ヤングコーン　幼雌穂,野菜類
400,　トマト　果実,野菜類
401,　ミニトマト　果実,野菜類
402,　缶詰　ホール　食塩無添加,野菜類
403,　缶詰　トマトジュース　食塩添加,野菜類
404,　缶詰　トマトジュース　食塩無添加,野菜類
405,　缶詰　ミックスジュース　食塩添加,野菜類
406,　缶詰　ミックスジュース　食塩無添加,野菜類
407,トレビス　葉,野菜類
408,とんぶり,野菜類
409,ながさきはくさい　葉,野菜類
410,　なす　果実,野菜類
411,　なす　果実　天ぷら,野菜類
412,　べいなす　果実,野菜類
413,　べいなす　果実　素揚げ,野菜類
414,　漬物,野菜類
415,　漬物　こうじ漬,野菜類
416,　漬物　からし漬,野菜類
417,　漬物　しば漬,野菜類
418,なずな　葉,野菜類
419,　和種なばな　花らい・茎,野菜類
420,　洋種なばな　茎葉,野菜類
421,にがうり　果実,野菜類
422,　にら　葉,野菜類
423,　花にら　花茎・花らい,野菜類
424,　黄にら　葉,野菜類
425,　葉にんじん　葉,野菜類
426,　にんじん　根,野菜類
427,　にんじん　根　　素揚げ,野菜類
428,　にんじん　根　皮,野菜類
429,　にんじん　グラッセ,野菜類
430,　にんじん　ジュース　缶詰,野菜類
431,　きんとき　根,野菜類
432,　ミニキャロット　根,野菜類
433,　にんにく　りん茎,野菜類
434,　茎にんにく　花茎,野菜類
435,　根深ねぎ　葉　軟白,野菜類
436,　葉ねぎ　葉,野菜類
437,　こねぎ　葉,野菜類
438,のざわな　葉,野菜類
439,のざわな　漬物,野菜類
440,のざわな　漬物　調味漬,野菜類
441,のびる　りん茎葉,野菜類
442,はくさい　結球葉,野菜類
443,はくさい　漬物,野菜類
444,はくさい　漬物　キムチ,野菜類
445,パクチョイ　葉,野菜類
446,バジル　葉,野菜類
447,パセリ　葉,野菜類
448,はつかだいこん　根,野菜類
449,はやとうり　果実,野菜類
450,はやとうり　果実　緑色種,野菜類
451,ビーツ　根,野菜類
452,　青ピーマン　果実,野菜類
453,　赤ピーマン　果実,野菜類
454,　黄ピーマン　果実,野菜類
455,　トマピー　果実,野菜類
456,ひのな　根・茎葉,野菜類
457,ひのな　根・茎葉　甘酢漬,野菜類
458,ひろしまな　葉,野菜類
459,ひろしまな,野菜類
460,　ふき　葉柄,野菜類
461,　ふきのとう　花序,野菜類
462,ふじまめ　若ざや,野菜類
463,ふだんそう　葉,野菜類
464,ブロッコリー　花序,野菜類
465,ブロッコリー　芽ばえ,野菜類
466,へちま　果実,野菜類
467,ほうれんそう　葉,野菜類
468,ほうれんそう　葉　冬採り,野菜類
469,ホースラディシュ　根茎,野菜類
470,まこも　茎,野菜類
471,みずかけな　葉,野菜類
472,みずかけな,野菜類
473,みずな　葉,野菜類
474,みずな,野菜類
475,　切りみつば　葉,野菜類
476,　根みつば　葉,野菜類
477,　糸みつば　葉,野菜類
478,みぶな　葉,野菜類
479,　みょうが　花穂,野菜類
480,　みょうがたけ　茎葉,野菜類
481,むかご 　肉芽,野菜類
482,めキャベツ　結球葉,野菜類
483,めたで　　芽ばえ,野菜類
484,　アルファルファもやし,野菜類
485,　だいずもやし,野菜類
486,　ブラックマッペもやし,野菜類
487,　りょくとうもやし,野菜類
488,モロヘイヤ　茎葉,野菜類
489,やまごぼう　みそ漬,野菜類
490,ゆりね　りん茎,野菜類
491,ようさい　茎葉,野菜類
492,よめな　葉,野菜類
493,よもぎ　葉,野菜類
494,らっかせい　豆,野菜類
495,　らっきょう　りん茎,野菜類
496,　らっきょう　甘酢漬,野菜類
497,　エシャレット　りん茎,野菜類
498,リーキ　りん茎葉,野菜類
499,ルッコラ　　葉,野菜類
500,ルバーブ　葉柄,野菜類
501,　レタス　土耕栽培　結球葉,野菜類
502,　レタス　水耕栽培　結球葉,野菜類
503,　サラダな　葉,野菜類
504,　リーフレタス　葉,野菜類
505,　サニーレタス　葉,野菜類
506,　サンチュ　葉,野菜類
507,　コスレタス　葉,野菜類
508,れんこん　根茎,野菜類
509,わけぎ　葉,野菜類
510,わさび　根茎,野菜類
511,わさび　わさび漬,野菜類
512,わらび　わらび,野菜類
513,わらび　干しわらび,野菜類
514,あけび　果肉,果実類
515,あけび　果皮,果実類
516,アセロラ　酸味種,果実類
517,アセロラ　甘味種,果実類
518,アセロラ　10 %果汁入り飲料,果実類
519,アテモヤ,果実類
520,アボカド,果実類
521,あんず,果実類
522,あんず　缶詰,果実類
523,あんず　ジャム　高糖度,果実類
524,あんず　ジャム　低糖度,果実類
525,いちご,果実類
526,いちご　ジャム　高糖度,果実類
527,いちご　ジャム　低糖度,果実類
528,いちじく,果実類
529,いちじく　缶詰,果実類
530,うめ,果実類
531,うめ　梅漬,果実類
532,うめ　梅漬　調味漬,果実類
533,うめ　梅干し,果実類
534,うめ　梅干し　調味漬,果実類
535,うめ　梅びしお,果実類
536,うめ　20 %果汁入り飲料,果実類
537,オリーブ　　グリーンオリーブ,果実類
538,オリーブ　　ブラックオリーブ,果実類
539,オリーブ　　スタッフドオリーブ,果実類
540,かき　甘がき,果実類
541,かき　渋抜きがき,果実類
542,かき　干しがき,果実類
543,かりん,果実類
544,　いよかん　砂じょう,果実類
545,　うんしゅうみかん　じょうのう　早,果実類
546,　うんしゅうみかん　じょうのう,果実類
547,　うんしゅうみかん　砂じょう　早,果実類
548,　うんしゅうみかん　砂じょう,果実類
549,　うんしゅうみかん　果実飲料　ストレートジュース,果実類
550,　うんしゅうみかん　果実飲料　濃縮還元ジュース,果実類
551,　うんしゅうみかん　果実飲料　果粒入りジュース,果実類
552,うんしゅうみかん　果実飲料　50 %果汁入り飲料,果実類
553,うんしゅうみかん　果実飲料　20 %果汁入り飲料,果実類
554,　うんしゅうみかん　缶詰　果肉,果実類
555,　うんしゅうみかん　缶詰　液汁,果実類
556,　オレンジ　ネーブル　砂じょう,果実類
557,　オレンジ　バレンシア　米　砂じょう,果実類
558,　オレンジ　バレンシア　果実飲料　ストレートジュース,果実類
559,　オレンジ　バレンシア　果実飲料　濃縮還元ジュース,果実類
560,オレンジ　バレンシア　果実飲料　50 %果汁入り飲料,果実類
561,オレンジ　バレンシア　果実飲料　30 %果汁入り飲料,果実類
562,　オレンジ　バレンシア　マーマレード　高糖度,果実類
563,　オレンジ　バレンシア　マーマレード　低糖度,果実類
564,　オレンジ　福原オレンジ　砂じょう,果実類
565,　オロブランコ　砂じょう,果実類
566,　かぼす　果汁,果実類
567,　かわちばんかん　砂じょう,果実類
568,　きよみ　砂じょう,果実類
569,　きんかん　全果,果実類
570,　グレープフルーツ　白肉種　砂じょう,果実類
571,　グレープフルーツ　紅肉種　砂じょう,果実類
572,　グレープフルーツ　果実飲料　ストレートジュース,果実類
573,　グレープフルーツ　果実飲料　濃縮還元ジュース,果実類
574,グレープフルーツ　果実飲料　50 %果汁入り飲料,果実類
575,グレープフルーツ　果実飲料　20 %果汁入り飲料,果実類
576,　グレープフルーツ　缶詰,果実類
577,　さんぼうかん　砂じょう,果実類
578,　シークヮーサー　果汁,果実類
579,シークヮーサー　10 %果汁入り飲料,果実類
580,　しらぬひ　砂じょう,果実類
581,　すだち　果皮,果実類
582,　すだち　果汁,果実類
583,　せとか　砂じょう,果実類
584,　セミノール　砂じょう,果実類
585,　だいだい　果汁,果実類
586,　なつみかん　砂じょう,果実類
587,　なつみかん　缶詰,果実類
588,　はっさく　砂じょう,果実類
589,　はるみ　砂じょう,果実類
590,　ひゅうがなつ　じょうのう及びアルベド,果実類
591,　ひゅうがなつ　砂じょう,果実類
592,　ぶんたん　砂じょう,果実類
593,　ぶんたん　ざぼん漬,果実類
594,　ぽんかん　砂じょう,果実類
595,　ゆず　果皮,果実類
596,　ゆず　果汁,果実類
597,　ライム　果汁,果実類
598,　レモン　全果,果実類
599,　レモン　果汁,果実類
600,キウイフルーツ　緑肉種,果実類
601,キウイフルーツ　黄肉種,果実類
602,キワノ,果実類
603,グァバ　赤肉種,果実類
604,グァバ　白肉種,果実類
605,グァバ　果実飲料　20 %果汁入り飲料,果実類
606,グァバ　果実飲料　10 %果汁入り飲料,果実類
607,グーズベリー,果実類
608,ぐみ,果実類
609,ココナッツ　ココナッツウォーター,果実類
610,ココナッツ　ココナッツミルク,果実類
611,ココナッツ　ナタデココ,果実類
612,さくらんぼ,果実類
613,さくらんぼ　米,果実類
614,さくらんぼ　米　缶詰,果実類
615,ざくろ,果実類
616,すいか　赤肉種,果実類
617,すいか　黄肉種,果実類
618,スターフルーツ,果実類
619,　にほんすもも,果実類
620,　プルーン,果実類
621,チェリモヤ,果実類
622,ドラゴンフルーツ,果実類
623,ドリアン,果実類
624,　日本なし,果実類
625,　日本なし　缶詰,果実類
626,　中国なし,果実類
627,　西洋なし,果実類
628,　西洋なし　缶詰,果実類
629,なつめ,果実類
630,なつめやし,果実類
631,パインアップル,果実類
632,パインアップル　果実飲料　ストレートジュース,果実類
633,パインアップル　果実飲料　濃縮還元ジュース,果実類
634,パインアップル　果実飲料　50 %果汁入り飲料,果実類
635,パインアップル　果実飲料　10 %果汁入り飲料,果実類
636,パインアップル　缶詰,果実類
637,パインアップル　砂糖漬,果実類
638,ハスカップ,果実類
639,パッションフルーツ　果汁,果実類
640,バナナ,果実類
641,パパイア　完熟,果実類
642,パパイア,果実類
643,びわ,果実類
644,びわ　缶詰,果実類
645,ぶどう,果実類
646,ぶどう　干しぶどう,果実類
647,ぶどう　果実飲料　ストレートジュース,果実類
648,ぶどう　果実飲料　濃縮還元ジュース,果実類
649,ぶどう　果実飲料　70 %果汁入り飲料,果実類
650,ぶどう　果実飲料　10 %果汁入り飲料,果実類
651,ぶどう　缶詰,果実類
652,ぶどう　ジャム,果実類
653,ブルーベリー,果実類
654,ブルーベリー　ジャム,果実類
655,ホワイトサポテ,果実類
656,まくわうり　黄肉種,果実類
657,まくわうり　白肉種,果実類
658,マルメロ,果実類
659,マンゴー,果実類
660,マンゴスチン,果実類
661,メロン　温室メロン,果実類
662,メロン　露地メロン　緑肉種,果実類
663,メロン　露地メロン　赤肉種,果実類
664,　もも,果実類
665,,果実類
666,　もも　缶詰　白肉種　果肉,果実類
667,　もも　缶詰　黄肉種　果肉,果実類
668,　もも　缶詰　液汁,果実類
669,　ネクタリン,果実類
670,やまもも,果実類
671,ライチー,果実類
672,ラズベリー,果実類
673,りゅうがん,果実類
674,りんご,果実類
675,りんご　果実飲料　ストレートジュース,果実類
676,りんご　果実飲料　濃縮還元ジュース,果実類
677,りんご　果実飲料　50 %果汁入り飲料,果実類
678,りんご　果実飲料　30 %果汁入り飲料,果実類
679,りんご　缶詰,果実類
680,りんご　ジャム,果実類
681,えのきたけ,きのこ類
682,えのきたけ　瓶詰,きのこ類
683,　あらげきくらげ,きのこ類
684,　きくらげ,きのこ類
685,　しろきくらげ,きのこ類
686,くろあわびたけ,きのこ類
687,しいたけ　しいたけ　菌床栽培,きのこ類
688,しいたけ　しいたけ　原木栽培,きのこ類
689,しいたけ　しいたけ,きのこ類
690,　はたけしめじ,きのこ類
691,　ぶなしめじ,きのこ類
692,　ほんしめじ,きのこ類
693,たもぎたけ,きのこ類
694,なめこ,きのこ類
695,なめこ　缶詰,きのこ類
696,ぬめりすぎたけ,きのこ類
697,　うすひらたけ,きのこ類
698,　エリンギ,きのこ類
699,　ひらたけ,きのこ類
700,まいたけ,きのこ類
701,マッシュルーム,きのこ類
702,マッシュルーム　缶詰,きのこ類
703,まつたけ,きのこ類
704,やなぎまつたけ,きのこ類
705,あおさ　素干し,藻類
706,あおのり　素干し,藻類
707,あまのり　ほしのり,藻類
708,あまのり　のり,藻類
709,あらめ　干し,藻類
710,いわのり　素干し,藻類
711,うみぶどう,藻類
712,えごのり　素干し,藻類
713,えごのり　おきうと,藻類
714,おごのり　塩蔵　塩抜き,藻類
715,かわのり　素干し,藻類
716,　えながおにこんぶ　素干し,藻類
717,　がごめこんぶ　素干し,藻類
718,　ながこんぶ　素干し,藻類
719,　ほそめこんぶ　素干し,藻類
720,　まこんぶ　素干し,藻類
721,　みついしこんぶ　素干し,藻類
722,　りしりこんぶ　素干し,藻類
723,　刻み昆布,藻類
724,　削り昆布,藻類
725,　塩昆布,藻類
726,　つくだ煮,藻類
727,すいぜんじのり　素干し　水戻し,藻類
728,てんぐさ　素干し,藻類
729,てんぐさ　ところてん,藻類
730,てんぐさ　角寒天,藻類
731,てんぐさ　寒天,藻類
732,てんぐさ　粉寒天,藻類
733,とさかのり　赤とさか　塩蔵　塩抜き,藻類
734,とさかのり　青とさか　塩蔵　塩抜き,藻類
735,ひじき　ほしひじき　ステンレス釜,藻類
736,ひじき　ほしひじき　鉄釜,藻類
737,ひとえぐさ　素干し,藻類
738,ひとえぐさ　つくだ煮,藻類
739,ふのり　素干し,藻類
740,まつも　素干し,藻類
741,むかでのり　塩蔵　塩抜き,藻類
742,　おきなわもずく　塩蔵　塩抜き,藻類
743,　もずく　塩蔵　塩抜き,藻類
744,わかめ　原藻,藻類
745,わかめ　わかめ　素干し,藻類
746,わかめ　わかめ　素干し　水戻し,藻類
747,わかめ　わかめ　板わかめ,藻類
748,わかめ　わかめ　灰干し　水戻し,藻類
749,わかめ　カットわかめ,藻類
750,わかめ　湯通し塩蔵わかめ　塩抜き,藻類
751,わかめ　くきわかめ　湯通し塩蔵　塩抜き,藻類
752,わかめ　めかぶわかめ,藻類
753,あいなめ,魚介類
754,あこうだい,魚介類
755,　まあじ　、,魚介類
756,　まあじ　皮なし、,魚介類
757,　まあじ　開き干し,魚介類
758,　まあじ　小型　骨付き,魚介類
759,　まあじ　小型　骨付き　から揚げ,魚介類
760,　まるあじ,魚介類
761,　にしまあじ,魚介類
762,　むろあじ,魚介類
763,　むろあじ　開き干し,魚介類
764,　むろあじ　くさや,魚介類
765,あなご,魚介類
766,あまご　養殖,魚介類
767,あまだい,魚介類
768,あゆ　天然,魚介類
769,あゆ　天然　内臓,魚介類
770,あゆ　養殖,魚介類
771,あゆ　養殖　内臓,魚介類
772,あゆ　うるか,魚介類
773,アラスカめぬけ,魚介類
774,あんこう,魚介類
775,あんこう　きも,魚介類
776,いかなご,魚介類
777,いかなご　煮干し,魚介類
778,いかなご　つくだ煮,魚介類
779,いかなご　あめ煮,魚介類
780,いさき,魚介類
781,いしだい,魚介類
782,いとよりだい,魚介類
783,いとよりだい　すり身,魚介類
784,いぼだい,魚介類
785,　うるめいわし,魚介類
786,　うるめいわし　丸干し,魚介類
787,　かたくちいわし,魚介類
788,　かたくちいわし　煮干し,魚介類
789,　かたくちいわし　田作り,魚介類
790,　まいわし,魚介類
791,　まいわし　塩いわし,魚介類
792,　まいわし　干し,魚介類
793,　まいわし　丸干し,魚介類
794,　めざし,魚介類
795,　しらす,魚介類
796,　しらす干し　微品,魚介類
797,　しらす干し　半品,魚介類
798,　たたみいわし,魚介類
799,　みりん干し　かたくちいわし,魚介類
800,　みりん干し　まいわし,魚介類
801,　缶詰,魚介類
802,　缶詰　トマト漬,魚介類
803,　缶詰　油漬,魚介類
804,　缶詰　かば焼,魚介類
805,　缶詰　アンチョビ,魚介類
806,いわな　養殖,魚介類
807,うぐい,魚介類
808,うなぎ　養殖,魚介類
809,うなぎ　きも,魚介類
810,うなぎ　白,魚介類
811,うなぎ　かば焼,魚介類
812,うまづらはぎ,魚介類
813,うまづらはぎ　開き干し,魚介類
814,えい,魚介類
815,えそ,魚介類
816,おいかわ,魚介類
817,おおさが,魚介類
818,おこぜ,魚介類
819,おひょう,魚介類
820,かさご,魚介類
821,かじか,魚介類
822,かじか　つくだ煮,魚介類
823,　くろかじき,魚介類
824,　まかじき,魚介類
825,　めかじき,魚介類
826,　かつお　春獲り,魚介類
827,　かつお　秋獲り,魚介類
828,　そうだがつお,魚介類
829,　加工品　なまり,魚介類
830,　加工品　なまり節,魚介類
831,　加工品　かつお節,魚介類
832,　加工品　削り節,魚介類
833,　加工品　削り節つくだ煮,魚介類
834,　加工品　角煮,魚介類
835,　加工品　塩辛,魚介類
836,　缶詰　　フレーク,魚介類
837,　缶詰　油漬　フレーク,魚介類
838,かます,魚介類
839,　まがれい,魚介類
840,　まこがれい,魚介類
841,　子持ちがれい,魚介類
842,　干しかれい,魚介類
843,かわはぎ,魚介類
844,かんぱち,魚介類
845,きす,魚介類
846,きす　天ぷら,魚介類
847,きちじ,魚介類
848,きびなご,魚介類
849,きびなご　調味干し,魚介類
850,キャビア　塩蔵品,魚介類
851,キングクリップ,魚介類
852,ぎんだら,魚介類
853,きんめだい,魚介類
854,ぐち,魚介類
855,こい　養殖,魚介類
856,こい　養殖　内臓,魚介類
857,　まごち,魚介類
858,　めごち,魚介類
859,このしろ,魚介類
860,このしろ　甘酢漬,魚介類
861,　からふとます,魚介類
862,　からふとます　塩ます,魚介類
863,　からふとます　缶詰,魚介類
864,　ぎんざけ　養殖,魚介類
865,　さくらます,魚介類
866,　しろさけ,魚介類
867,　しろさけ　新巻き,魚介類
868,　しろさけ　塩ざけ,魚介類
869,　しろさけ　イクラ,魚介類
870,　しろさけ　すじこ,魚介類
871,　しろさけ　めふん,魚介類
872,　しろさけ　缶詰,魚介類
873,　たいせいようさけ　養殖,魚介類
874,　にじます　海面養殖　、,魚介類
875,　にじます　海面養殖　皮なし、,魚介類
876,　にじます　淡水養殖　、,魚介類
877,　べにざけ,魚介類
878,　ますのすけ,魚介類
879,　まさば,魚介類
880,　ごまさば,魚介類
881,　ごまさば　さば節,魚介類
882,　たいせいようさば,魚介類
883,　加工品　塩さば,魚介類
884,　加工品　開き干し,魚介類
885,　加工品　しめさば,魚介類
886,　缶詰　みそ煮,魚介類
887,　あぶらつのざめ,魚介類
888,　よしきりざめ,魚介類
889,　ふかひれ,魚介類
890,さより,魚介類
891,さわら,魚介類
892,さんま　、,魚介類
893,さんま　皮なし、,魚介類
894,さんま　開き干し,魚介類
895,さんま　みりん干し,魚介類
896,さんま　缶詰,魚介類
897,さんま　缶詰　かば焼,魚介類
898,しいら,魚介類
899,　ししゃも　干し,魚介類
900,　からふとししゃも　干し,魚介類
901,したびらめ,魚介類
902,しまあじ　養殖,魚介類
903,しらうお,魚介類
904,シルバー,魚介類
905,すずき,魚介類
906,　きだい,魚介類
907,　くろだい,魚介類
908,　ちだい,魚介類
909,　まだい　天然,魚介類
910,　まだい　養殖,魚介類
911,　まだい　養殖　皮なし,魚介類
912,たかさご,魚介類
913,たかべ,魚介類
914,たちうお,魚介類
915,　すけとうだら,魚介類
916,　すけとうだら　すり身,魚介類
917,　すけとうだら　すきみだら,魚介類
918,　すけとうだら　たらこ,魚介類
919,　すけとうだら　からしめんたいこ,魚介類
920,　まだら,魚介類
921,　まだら　しらこ,魚介類
922,　まだら　塩だら,魚介類
923,　まだら　干しだら,魚介類
924,　まだら　でんぶ,魚介類
925,ちか,魚介類
926,どじょう,魚介類
927,とびうお,魚介類
928,ナイルティラピア,魚介類
929,なまず,魚介類
930,にぎす,魚介類
931,にしん,魚介類
932,にしん　身欠きにしん,魚介類
933,にしん　開き干し,魚介類
934,にしん　かずのこ,魚介類
935,にしん　かずのこ　塩蔵　水戻し,魚介類
936,はぜ,魚介類
937,はぜ　つくだ煮,魚介類
938,はぜ　甘露煮,魚介類
939,はたはた,魚介類
940,はたはた　干し,魚介類
941,はまふえふき,魚介類
942,はも,魚介類
943,ひらまさ,魚介類
944,ひらめ　天然,魚介類
945,ひらめ　養殖,魚介類
946,ひらめ　養殖　皮なし,魚介類
947,　とらふぐ　養殖,魚介類
948,　まふぐ,魚介類
949,ふな,魚介類
950,ふな　甘露煮,魚介類
951,ぶり　成魚,魚介類
952,ぶり　はまち　養殖,魚介類
953,ぶり　はまち　養殖　皮なし,魚介類
954,ほうぼう,魚介類
955,ホキ,魚介類
956,ほっけ,魚介類
957,ほっけ　塩ほっけ,魚介類
958,ほっけ　開き干し,魚介類
959,ぼら,魚介類
960,ぼら　からすみ,魚介類
961,ほんもろこ,魚介類
962,　きはだ,魚介類
963,　くろまぐろ　赤身,魚介類
964,　くろまぐろ　脂身,魚介類
965,　びんなが,魚介類
966,　みなみまぐろ　赤身,魚介類
967,　みなみまぐろ　脂身,魚介類
968,　めじまぐろ,魚介類
969,　めばち,魚介類
970,　缶詰　　フレーク　ライト,魚介類
971,　缶詰　　フレーク　ホワイト,魚介類
972,　缶詰　油漬　フレーク　ライト,魚介類
973,　缶詰　油漬　フレーク　ホワイト,魚介類
974,マジェランあいなめ,魚介類
975,まながつお,魚介類
976,みなみくろたち,魚介類
977,みなみだら,魚介類
978,むつ,魚介類
979,めじな,魚介類
980,めばる,魚介類
981,メルルーサ,魚介類
982,やつめうなぎ,魚介類
983,やつめうなぎ　干しやつめ,魚介類
984,やまめ　養殖,魚介類
985,わかさぎ,魚介類
986,わかさぎ　つくだ煮,魚介類
987,わかさぎ　あめ煮,魚介類
988,あかがい,魚介類
989,あげまき,魚介類
990,あさり,魚介類
991,あさり　つくだ煮,魚介類
992,あさり　缶詰,魚介類
993,あわび,魚介類
994,あわび　干し,魚介類
995,あわび　塩辛,魚介類
996,あわび　缶詰,魚介類
997,いがい,魚介類
998,いたやがい　養殖,魚介類
999,エスカルゴ　　缶詰,魚介類
1000,かき　養殖,魚介類
1001,かき　油漬缶詰,魚介類
1002,さざえ,魚介類
1003,さるぼう　缶詰,魚介類
1004,しじみ,魚介類
1005,たいらがい　貝柱,魚介類
1006,たにし,魚介類
1007,つぶ,魚介類
1008,とこぶし,魚介類
1009,とりがい　斧足,魚介類
1010,ばい,魚介類
1011,ばかがい,魚介類
1012,　はまぐり,魚介類
1013,　はまぐり　つくだ煮,魚介類
1014,　ちょうせんはまぐり,魚介類
1015,ほたてがい,魚介類
1016,ほたてがい　貝柱,魚介類
1017,ほたてがい　貝柱　煮干し,魚介類
1018,ほたてがい　貝柱　缶詰,魚介類
1019,ほっきがい,魚介類
1020,みるがい　水管,魚介類
1021,　あまえび,魚介類
1022,　いせえび,魚介類
1023,　くるまえび　養殖,魚介類
1024,　さくらえび,魚介類
1025,　さくらえび　素干し,魚介類
1026,　さくらえび　煮干し,魚介類
1027,　大正えび,魚介類
1028,　しばえび,魚介類
1029,　バナメイエビ　養殖,魚介類
1030,　バナメイエビ　養殖　天ぷら,魚介類
1031,　ブラックタイガー　養殖,魚介類
1032,　加工品　干しえび,魚介類
1033,　加工品　つくだ煮,魚介類
1034,　がざみ,魚介類
1035,　毛がに,魚介類
1036,　ずわいがに,魚介類
1037,　ずわいがに　缶詰,魚介類
1038,　たらばがに,魚介類
1039,　たらばがに　缶詰,魚介類
1040,　加工品　がん漬,魚介類
1041,　あかいか,魚介類
1042,　けんさきいか,魚介類
1043,　こういか,魚介類
1044,　するめいか,魚介類
1045,　するめいか　胴,魚介類
1046,　するめいか　胴　皮なし,魚介類
1047,　するめいか　胴　皮なし　天ぷら,魚介類
1048,　するめいか　耳・足,魚介類
1049,　ほたるいか,魚介類
1050,　ほたるいか　つくだ煮,魚介類
1051,　やりいか,魚介類
1052,　加工品　するめ,魚介類
1053,　加工品　さきいか,魚介類
1054,　加工品,魚介類
1055,　加工品　切りいかあめ煮,魚介類
1056,　加工品　いかあられ,魚介類
1057,　加工品　缶詰,魚介類
1058,　いいだこ,魚介類
1059,　まだこ,魚介類
1060,あみ　つくだ煮,魚介類
1061,あみ　塩辛,魚介類
1062,うに　うに,魚介類
1063,うに　粒うに,魚介類
1064,うに　練りうに,魚介類
1065,おきあみ,魚介類
1066,くらげ　塩蔵　塩抜き,魚介類
1067,しゃこ,魚介類
1068,なまこ,魚介類
1069,なまこ　このわた,魚介類
1070,ほや,魚介類
1071,ほや　塩辛,魚介類
1072,かに風味かまぼこ,魚介類
1073,昆布巻きかまぼこ,魚介類
1074,す巻きかまぼこ,魚介類
1075,かまぼこ,魚介類
1076,抜きかまぼこ,魚介類
1077,竹輪,魚介類
1078,だて巻,魚介類
1079,つみれ,魚介類
1080,なると,魚介類
1081,はんぺん,魚介類
1082,さつま揚げ,魚介類
1083,魚肉ハム,魚介類
1084,魚肉ソーセージ,魚介類
1085,いのしし　肉　脂身つき,肉類
1086,いのぶた　肉　脂身つき,肉類
1087,うさぎ　肉　赤肉,肉類
1088,うし　　かた　脂身つき,肉類
1089,うし　　かた　皮下脂肪なし,肉類
1090,うし　　かた　赤肉,肉類
1091,うし　　かた　脂身,肉類
1092,うし　　かたロース　脂身つき,肉類
1093,うし　　かたロース　皮下脂肪なし,肉類
1094,うし　　かたロース　赤肉,肉類
1095,うし　　リブロース　脂身つき,肉類
1096,うし　　リブロース　皮下脂肪なし,肉類
1097,うし　　リブロース　赤肉,肉類
1098,うし　　リブロース　脂身,肉類
1099,うし　　サーロイン　脂身つき,肉類
1100,うし　　サーロイン　皮下脂肪なし,肉類
1101,うし　　サーロイン　赤肉,肉類
1102,うし　　ばら　脂身つき,肉類
1103,うし　　もも　脂身つき,肉類
1104,うし　　もも　皮下脂肪なし,肉類
1105,うし　　もも　赤肉,肉類
1106,うし　　もも　脂身,肉類
1107,うし　　そともも　脂身つき,肉類
1108,うし　　そともも　皮下脂肪なし,肉類
1109,うし　　そともも　赤肉,肉類
1110,うし　　ランプ　脂身つき,肉類
1111,うし　　ランプ　皮下脂肪なし,肉類
1112,うし　　ランプ　赤肉,肉類
1113,うし　　ヒレ　赤肉,肉類
1114,うし　　ばら　皮下脂肪なし,肉類
1115,うし,肉類
1116,うし　　舌,肉類
1117,うし　　心臓,肉類
1118,うし　　肝臓,肉類
1119,うし　　じん臓,肉類
1120,うし　　第一胃,肉類
1121,うし　　第二胃,肉類
1122,うし　　第三胃,肉類
1123,うし　　第四胃,肉類
1124,うし　　小腸,肉類
1125,うし　　大腸,肉類
1126,うし　　直腸,肉類
1127,うし　　腱,肉類
1128,うし　　子宮,肉類
1129,うし　　尾,肉類
1130,うし　　横隔膜,肉類
1131,うし　　ローストビーフ,肉類
1132,うし　　コンビーフ缶詰,肉類
1133,うし　　缶詰,肉類
1134,うし　　ビーフジャーキー,肉類
1135,うし　　スモークタン,肉類
1136,うま　肉　赤肉,肉類
1137,くじら　肉　赤肉,肉類
1138,くじら　うねす,肉類
1139,くじら　本皮,肉類
1140,くじら　さらしくじら,肉類
1141,しか　あかしか　赤肉,肉類
1142,しか　にほんじか　赤肉,肉類
1143,ぶた　　かた　脂身つき,肉類
1144,ぶた　　かた　皮下脂肪なし,肉類
1145,ぶた　　かた　赤肉,肉類
1146,ぶた　　かた　脂身,肉類
1147,ぶた　　かたロース　脂身つき,肉類
1148,ぶた　　かたロース　皮下脂肪なし,肉類
1149,ぶた　　かたロース　赤肉,肉類
1150,ぶた　　かたロース　脂身,肉類
1151,ぶた　　ロース　脂身つき,肉類
1152,ぶた　　ロース　脂身つき　とんかつ,肉類
1153,ぶた　　ロース　皮下脂肪なし,肉類
1154,ぶた　　ロース　赤肉,肉類
1155,ぶた　　ロース　脂身,肉類
1156,ぶた　　ばら　脂身つき,肉類
1157,ぶた　　もも　脂身つき,肉類
1158,ぶた　　もも　皮下脂肪なし,肉類
1159,ぶた　　もも　赤肉,肉類
1160,ぶた　　もも　脂身,肉類
1161,ぶた　　そともも　脂身つき,肉類
1162,ぶた　　そともも　皮下脂肪なし,肉類
1163,ぶた　　そともも　赤肉,肉類
1164,ぶた　　そともも　脂身,肉類
1165,ぶた　　ヒレ　赤肉,肉類
1166,ぶた　　ヒレ　赤肉　とんかつ,肉類
1167,ぶた,肉類
1168,ぶた　　舌,肉類
1169,ぶた　　心臓,肉類
1170,ぶた　　肝臓,肉類
1171,ぶた　　じん臓,肉類
1172,ぶた　　胃,肉類
1173,ぶた　　小腸,肉類
1174,ぶた　　大腸,肉類
1175,ぶた　　子宮,肉類
1176,ぶた　　豚足,肉類
1177,ぶた　　軟骨,肉類
1178,ぶた　　骨付きハム,肉類
1179,ぶた　　ボンレスハム,肉類
1180,ぶた　　ロースハム,肉類
1181,ぶた　　ショルダーハム,肉類
1182,ぶた　　ハム　促成,肉類
1183,ぶた　　ハム　長期熟成,肉類
1184,ぶた　　プレスハム,肉類
1185,ぶた　　チョップドハム,肉類
1186,ぶた　　ベーコン,肉類
1187,ぶた　　ロースベーコン,肉類
1188,ぶた　　ショルダーベーコン,肉類
1189,ぶた　　ウインナーソーセージ,肉類
1190,ぶた　　セミドライソーセージ,肉類
1191,ぶた　　ドライソーセージ,肉類
1192,ぶた　　フランクフルトソーセージ,肉類
1193,ぶた　　ボロニアソーセージ,肉類
1194,ぶた　　リオナソーセージ,肉類
1195,ぶた　　レバーソーセージ,肉類
1196,ぶた　　混合ソーセージ,肉類
1197,ぶた　　ソーセージ,肉類
1198,ぶた　　豚,肉類
1199,ぶた　　レバーペースト,肉類
1200,ぶた　　スモークレバー,肉類
1201,ぶた　　ゼラチン,肉類
1202,めんよう　　ロース　脂身つき,肉類
1203,めんよう　　もも　脂身つき,肉類
1204,めんよう　　かた　脂身つき,肉類
1205,めんよう　混合プレスハム,肉類
1206,やぎ　肉　赤肉,肉類
1207,うずら　肉,肉類
1208,がちょう　フォアグラ,肉類
1209,かも　まがも　肉　皮なし,肉類
1210,かも　あいがも　肉,肉類
1211,かも　あひる　肉,肉類
1212,かも　あひる　肉　皮なし,肉類
1213,かも　あひる　皮,肉類
1214,きじ　肉　皮なし,肉類
1215,しちめんちょう　肉　皮なし,肉類
1216,すずめ　肉　骨・,肉類
1217,にわとり　　手羽,肉類
1218,にわとり　　むね,肉類
1219,にわとり　　むね　皮なし,肉類
1220,にわとり　　もも,肉類
1221,にわとり　　もも　皮なし,肉類
1222,にわとり　　ささ身,肉類
1223,にわとり　　手羽先,肉類
1224,にわとり　　手羽元,肉類
1225,にわとり　　もも　　から揚げ,肉類
1226,にわとり　　もも　皮なし　から揚げ,肉類
1227,にわとり,肉類
1228,にわとり　　心臓,肉類
1229,にわとり　　肝臓,肉類
1230,にわとり　　筋胃,肉類
1231,にわとり　　皮　むね,肉類
1232,にわとり　　皮　もも,肉類
1233,にわとり　　軟骨,肉類
1234,にわとり　　鳥缶詰,肉類
1235,にわとり　　チキンナゲット,肉類
1236,にわとり　　つくね,肉類
1237,はと　肉　皮なし,肉類
1238,ほろほろちょう　肉　皮なし,肉類
1239,いなご　つくだ煮,肉類
1240,かえる　肉,肉類
1241,すっぽん　肉,肉類
1242,はち　はちの子缶詰,肉類
1243,あひる卵　ピータン,卵類
1244,うこっけい卵　全卵,卵類
1245,うずら卵　全卵,卵類
1246,うずら卵　缶詰,卵類
1247,鶏卵　全卵,卵類
1248,鶏卵　全卵　ポーチドエッグ,卵類
1249,鶏卵　全卵　缶詰,卵類
1250,鶏卵　全卵　加糖全卵,卵類
1251,鶏卵　全卵　全卵,卵類
1252,鶏卵　卵黄,卵類
1253,鶏卵　卵黄　加糖卵黄,卵類
1254,鶏卵　卵黄　卵黄,卵類
1255,鶏卵　卵白,卵類
1256,鶏卵　卵白　卵白,卵類
1257,鶏卵　たまご豆腐,卵類
1258,鶏卵　たまご焼　厚たまご,卵類
1259,鶏卵　たまご焼　だし巻きたまご,卵類
1260,　乳　ジャージー種,乳類
1261,　乳　ホルスタイン種,乳類
1262,　牛乳,乳類
1263,　加工乳　濃厚,乳類
1264,　加工乳　低脂肪,乳類
1265,　脱脂乳,乳類
1266,　乳飲料　コーヒー,乳類
1267,　乳飲料　フルーツ,乳類
1268,　全粉乳,乳類
1269,　脱脂粉乳,乳類
1270,　乳児用調製粉乳,乳類
1271,　無糖練乳,乳類
1272,　加糖練乳,乳類
1273,　クリーム　乳脂肪,乳類
1274,　クリーム　乳脂肪 ・ 植物性脂肪,乳類
1275,　クリーム　植物性脂肪,乳類
1276,　ホイップクリーム　乳脂肪,乳類
1277,　ホイップクリーム　乳脂肪・植物性脂肪,乳類
1278,　ホイップクリーム　植物性脂肪,乳類
1279,　コーヒーホワイトナー　液状　乳脂肪,乳類
1280,　コーヒーホワイトナー　液状　乳脂肪・植物性脂肪,乳類
1281,　コーヒーホワイトナー　液状　植物性脂肪,乳類
1282,　コーヒーホワイトナー　粉末状　乳脂肪,乳類
1283,　コーヒーホワイトナー　粉末状　植物性脂肪,乳類
1284,　ヨーグルト　全脂無糖,乳類
1285,　ヨーグルト　低脂肪無糖,乳類
1286,　ヨーグルト　無脂肪無糖,乳類
1287,　ヨーグルト　脱脂加糖,乳類
1288,　ヨーグルト　ドリンクタイプ　加糖,乳類
1289,　乳酸菌飲料　乳製品,乳類
1290,　乳酸菌飲料　殺菌乳製品,乳類
1291,　乳酸菌飲料　非乳製品,乳類
1292,　ナチュラルチーズ　エダム,乳類
1293,　ナチュラルチーズ　エメンタール,乳類
1294,　ナチュラルチーズ　カテージ,乳類
1295,　ナチュラルチーズ　カマンベール,乳類
1296,　ナチュラルチーズ　クリーム,乳類
1297,　ナチュラルチーズ　ゴーダ,乳類
1298,　ナチュラルチーズ　チェダー,乳類
1299,　ナチュラルチーズ　パルメザン,乳類
1300,　ナチュラルチーズ　ブルー,乳類
1301,　ナチュラルチーズ　マスカルポーネ,乳類
1302,　ナチュラルチーズ　モッツァレラ,乳類
1303,　ナチュラルチーズ　やぎ,乳類
1304,　ナチュラルチーズ　リコッタ,乳類
1305,　プロセスチーズ,乳類
1306,　チーズスプレッド,乳類
1307,　アイスクリーム　高脂肪,乳類
1308,　アイスクリーム　脂肪,乳類
1309,　アイスミルク,乳類
1310,　ラクトアイス　脂肪,乳類
1311,　ラクトアイス　低脂肪,乳類
1312,　ソフトクリーム,乳類
1313,　カゼイン,乳類
1314,　シャーベット,乳類
1315,　チーズホエーパウダー,乳類
1316,人乳,乳類
1317,やぎ乳,乳類
1318,　あまに油,油脂類
1319,　えごま油,油脂類
1320,　オリーブ油,油脂類
1321,　ごま油,油脂類
1322,　米ぬか油,油脂類
1323,　サフラワー油　ハイオレイック,油脂類
1324,　サフラワー油　ハイリノール,油脂類
1325,　大豆油,油脂類
1326,　調合油,油脂類
1327,　とうもろこし油,油脂類
1328,　なたね油,油脂類
1329,　パーム油,油脂類
1330,　パーム核油,油脂類
1331,　ひまわり油　ハイリノール,油脂類
1332,　ひまわり油  ミッドオレイック,油脂類
1333,　ひまわり油　ハイオレイック,油脂類
1334,　ぶどう油,油脂類
1335,　綿実油,油脂類
1336,　やし油,油脂類
1337,　落花油,油脂類
1338,　牛脂,油脂類
1339,　ラード,油脂類
1340,　有塩バター,油脂類
1341,　食塩不使用バター,油脂類
1342,　発酵バター,油脂類
1343,　ソフトタイプマーガリン　家庭用,油脂類
1344,　ソフトタイプマーガリン　業務用,油脂類
1345,　ファットスプレッド,油脂類
1346,　ショートニング　家庭用,油脂類
1347,　ショートニング　業務用　製菓,油脂類
1348,　ショートニング　業務用,油脂類
1349,甘納豆　あずき,菓子類
1350,甘納豆　いんげんまめ,菓子類
1351,甘納豆　えんどう,菓子類
1352,今川焼,菓子類
1353,ういろう,菓子類
1354,うぐいすもち,菓子類
1355,かしわもち,菓子類
1356,カステラ,菓子類
1357,かのこ,菓子類
1358,かるかん,菓子類
1359,きび団子,菓子類
1360,ぎゅうひ,菓子類
1361,きりざんしょ,菓子類
1362,きんぎょく糖,菓子類
1363,きんつば,菓子類
1364,草もち,菓子類
1365,くし団子　あん,菓子類
1366,くし団子　みたらし,菓子類
1367,くずもち　くずでん粉製品,菓子類
1368,くずもち　小麦でん粉製品,菓子類
1369,げっぺい,菓子類
1370,五平もち,菓子類
1371,桜もち　関東風,菓子類
1372,桜もち　関西風,菓子類
1373,笹だんご,菓子類
1374,大福もち,菓子類
1375,タルト,菓子類
1376,ちまき,菓子類
1377,ちゃつう,菓子類
1378,どら焼,菓子類
1379,八つ橋　あん入り,菓子類
1380,ねりきり,菓子類
1381,まんじゅう　カステラまんじゅう,菓子類
1382,まんじゅう　くずまんじゅう,菓子類
1383,まんじゅう　くりまんじゅう,菓子類
1384,まんじゅう　とうまんじゅう,菓子類
1385,まんじゅう　まんじゅう,菓子類
1386,まんじゅう　中華まんじゅう　あんまん,菓子類
1387,まんじゅう　中華まんじゅう　肉まん,菓子類
1388,もなか,菓子類
1389,ゆべし,菓子類
1390,ようかん　練りようかん,菓子類
1391,ようかん　水ようかん,菓子類
1392,ようかん　ようかん,菓子類
1393,あめ玉,菓子類
1394,芋かりんとう,菓子類
1395,おこし,菓子類
1396,おのろけ豆,菓子類
1397,かりんとう　黒,菓子類
1398,かりんとう　白,菓子類
1399,ごかぼう,菓子類
1400,小麦粉せんべい　磯部せんべい,菓子類
1401,小麦粉せんべい　かわらせんべい,菓子類
1402,小麦粉せんべい　巻きせんべい,菓子類
1403,小麦粉せんべい　南部せんべい　ごま入り,菓子類
1404,小麦粉せんべい　南部せんべい　落花入り,菓子類
1405,しおがま,菓子類
1406,ひなあられ　関東風,菓子類
1407,ひなあられ　関西風,菓子類
1408,米菓　揚げせんべい,菓子類
1409,米菓　甘辛せんべい,菓子類
1410,米菓　あられ,菓子類
1411,米菓　しょうゆせんべい,菓子類
1412,ボーロ　小粒,菓子類
1413,ボーロ　そばボーロ,菓子類
1414,松風,菓子類
1415,みしま豆,菓子類
1416,八つ橋,菓子類
1417,らくがん　らくがん,菓子類
1418,らくがん　麦らくがん,菓子類
1419,らくがん　もろこしらくがん,菓子類
1420,揚げパン,菓子類
1421,あんパン,菓子類
1422,あんパン　薄皮タイプ,菓子類
1423,カレーパン 皮及び具,菓子類
1424,カレーパン　皮のみ,菓子類
1425,カレーパン　具のみ,菓子類
1426,クリームパン,菓子類
1427,クリームパン　薄皮タイプ,菓子類
1428,ジャムパン,菓子類
1429,チョココロネ,菓子類
1430,チョコパン　薄皮タイプ,菓子類
1431,メロンパン,菓子類
1432,シュークリーム,菓子類
1433,スポンジケーキ,菓子類
1434,ショートケーキ 果実なし,菓子類
1435,チーズケーキ　ベイクドチーズケーキ,菓子類
1436,チーズケーキ　レアチーズケーキ,菓子類
1437,デニッシュペストリー,菓子類
1438,ドーナッツ　イーストドーナッツ,菓子類
1439,ドーナッツ　ケーキドーナッツ,菓子類
1440,パイ　パイ皮,菓子類
1441,パイ　アップルパイ,菓子類
1442,パイ　ミートパイ,菓子類
1443,バターケーキ,菓子類
1444,ホットケーキ,菓子類
1445,ワッフル　カスタードクリーム入り,菓子類
1446,ワッフル　ジャム入り,菓子類
1447,カスタードプリン,菓子類
1448,牛乳寒天,菓子類
1449,ゼリー　オレンジ,菓子類
1450,ゼリー　コーヒー,菓子類
1451,ゼリー　ミルク,菓子類
1452,ゼリー　ワイン,菓子類
1453,ババロア,菓子類
1454,ウエハース,菓子類
1455,ウエハース、クリーム入り,菓子類
1456,クラッカー　オイルスプレークラッカー,菓子類
1457,クラッカー　ソーダクラッカー,菓子類
1458,サブレ,菓子類
1459,中華風クッキー,菓子類
1460,ビスケット　ハードビスケット,菓子類
1461,ビスケット　ソフトビスケット,菓子類
1462,プレッツェル,菓子類
1463,リーフパイ,菓子類
1464,ロシアケーキ,菓子類
1465,小麦粉あられ,菓子類
1466,コーンスナック,菓子類
1467,ポテトチップス　ポテトチップス,菓子類
1468,ポテトチップス　成形ポテトチップス,菓子類
1469,かわり玉,菓子類
1470,キャラメル,菓子類
1471,ゼリーキャンデー,菓子類
1472,ゼリービーンズ,菓子類
1473,ドロップ,菓子類
1474,バタースコッチ,菓子類
1475,ブリットル,菓子類
1476,マシュマロ,菓子類
1477,ラムネ,菓子類
1478,アーモンドチョコレート,菓子類
1479,カバーリングチョコレート,菓子類
1480,ホワイトチョコレート,菓子類
1481,ミルクチョコレート,菓子類
1482,マロングラッセ,菓子類
1483,板ガム,菓子類
1484,糖衣ガム,菓子類
1485,風船ガム,菓子類
1486,カスタードクリーム,菓子類
1487,しるこ　こしあん,菓子類
1488,しるこ　つぶしあん,菓子類
1489,　清酒　酒,し好飲料類
1490,　清酒　純米酒,し好飲料類
1491,　清酒　本醸造酒,し好飲料類
1492,　清酒　吟醸酒,し好飲料類
1493,　清酒　純米吟醸酒,し好飲料類
1494,　ビール　淡色,し好飲料類
1495,　ビール　黒,し好飲料類
1496,　ビール　スタウト,し好飲料類
1497,　発泡酒,し好飲料類
1498,　ぶどう酒　白,し好飲料類
1499,　ぶどう酒　赤,し好飲料類
1500,　ぶどう酒　ロゼ,し好飲料類
1501,　紹興酒,し好飲料類
1502,しょうちゅう　連続式蒸留しょうちゅう,し好飲料類
1503,しょうちゅう　単式蒸留しょうちゅう,し好飲料類
1504,ウイスキー,し好飲料類
1505,ブランデー,し好飲料類
1506,ウオッカ,し好飲料類
1507,ジン,し好飲料類
1508,ラム,し好飲料類
1509,マオタイ酒,し好飲料類
1510,梅酒,し好飲料類
1511,合成清酒,し好飲料類
1512,白酒,し好飲料類
1513,みりん　本みりん,し好飲料類
1514,みりん　本直し,し好飲料類
1515,薬味酒,し好飲料類
1516,キュラソー,し好飲料類
1517,スイートワイン,し好飲料類
1518,ペパーミント,し好飲料類
1519,ベルモット　甘口タイプ,し好飲料類
1520,ベルモット　辛口タイプ,し好飲料類
1521,　　玉露　茶,し好飲料類
1522,　　玉露　浸出液,し好飲料類
1523,　　抹茶,し好飲料類
1524,　　せん茶　茶,し好飲料類
1525,　　せん茶　浸出液,し好飲料類
1526,　　かま茶　浸出液,し好飲料類
1527,　　番茶　浸出液,し好飲料類
1528,　　ほうじ茶　浸出液,し好飲料類
1529,　　玄米茶　浸出液,し好飲料類
1530,　　ウーロン茶　浸出液,し好飲料類
1531,　　紅茶　茶,し好飲料類
1532,　　紅茶　浸出液,し好飲料類
1533,　コーヒー　浸出液,し好飲料類
1534,　コーヒー　インスタントコーヒー,し好飲料類
1535,　コーヒー　コーヒー飲料　乳成分入り　加糖,し好飲料類
1536,　ココア　ピュアココア,し好飲料類
1537,　ココア　ミルクココア,し好飲料類
1538,　青汁　ケール,し好飲料類
1539,　甘酒,し好飲料類
1540,　昆布茶,し好飲料類
1541,　スポーツドリンク,し好飲料類
1542,　　果実色飲料,し好飲料類
1543,　　コーラ,し好飲料類
1544,　　サイダー,し好飲料類
1545,　　ビール風味炭酸飲料,し好飲料類
1546,　麦茶　浸出液,し好飲料類
1547,　ウスターソース,調味料および香辛類
1548,　中濃ソース,調味料および香辛類
1549,　濃厚ソース,調味料および香辛類
1550,　お好みソース,調味料および香辛類
1551,　トウバンジャン,調味料および香辛類
1552,　チリペッパーソース,調味料および香辛類
1553,　ラー油,調味料および香辛類
1554,こいくちしょうゆ,調味料および香辛類
1555,うすくちしょうゆ,調味料および香辛類
1556,たまりしょうゆ,調味料および香辛類
1557,さいしこみしょうゆ,調味料および香辛類
1558,しろしょうゆ,調味料および香辛類
1559,減塩しょうゆ　こいくち,調味料および香辛類
1560,だししょうゆ,調味料および香辛類
1561,照りしょうゆ,調味料および香辛類
1562,食塩,調味料および香辛類
1563,並塩,調味料および香辛類
1564,精製塩　家庭用,調味料および香辛類
1565,精製塩　業務用,調味料および香辛類
1566,黒酢,調味料および香辛類
1567,穀物酢,調味料および香辛類
1568,米酢,調味料および香辛類
1569,果実酢　バルサミコ酢,調味料および香辛類
1570,果実酢　ぶどう酢,調味料および香辛類
1571,果実酢　りんご酢,調味料および香辛類
1572,かつおだし,調味料および香辛類
1573,昆布だし,調味料および香辛類
1574,かつお・昆布だし,調味料および香辛類
1575,しいたけだし,調味料および香辛類
1576,煮干しだし,調味料および香辛類
1577,鳥がらだし,調味料および香辛類
1578,中華だし,調味料および香辛類
1579,洋風だし,調味料および香辛類
1580,固形ブイヨン,調味料および香辛類
1581,顆粒おでん用,調味料および香辛類
1582,顆粒中華だし,調味料および香辛類
1583,顆粒和風だし,調味料および香辛類
1584,めんつゆ　ストレート,調味料および香辛類
1585,めんつゆ　三倍濃厚,調味料および香辛類
1586,甘酢,調味料および香辛類
1587,エビチリの素,調味料および香辛類
1588,オイスターソース,調味料および香辛類
1589,黄身酢,調味料および香辛類
1590,ごま酢,調味料および香辛類
1591,ごまだれ,調味料および香辛類
1592,三杯酢,調味料および香辛類
1593,二杯酢,調味料および香辛類
1594,すし酢　ちらし・稲荷用,調味料および香辛類
1595,すし酢　にぎり用,調味料および香辛類
1596,すし酢　巻き寿司・箱寿司用,調味料および香辛類
1597,中華風合わせ酢,調味料および香辛類
1598,デミグラスソース,調味料および香辛類
1599,テンメンジャン,調味料および香辛類
1600,ナンプラー,調味料および香辛類
1601,冷やし中華のたれ,調味料および香辛類
1602,ホワイトソース,調味料および香辛類
1603,ぽん酢しょうゆ,調味料および香辛類
1604,マーボー豆腐の素,調味料および香辛類
1605,マリネ液,調味料および香辛類
1606,ミートソース,調味料および香辛類
1607,鳥のたれ,調味料および香辛類
1608,肉のたれ,調味料および香辛類
1609,みたらしのたれ,調味料および香辛類
1610,ゆずこしょう,調味料および香辛類
1611,トマトピューレー,調味料および香辛類
1612,トマトペースト,調味料および香辛類
1613,トマトケチャップ,調味料および香辛類
1614,トマトソース,調味料および香辛類
1615,チリソース,調味料および香辛類
1616,和風ドレッシングタイプ調味料,調味料および香辛類
1617,フレンチドレッシング,調味料および香辛類
1618,和風ドレッシング,調味料および香辛類
1619,ごまドレッシング,調味料および香辛類
1620,サウザンアイランドドレッシング,調味料および香辛類
1621,マヨネーズ　全卵型,調味料および香辛類
1622,マヨネーズ　卵黄型,調味料および香辛類
1623,マヨネーズタイプ調味料　低カロリータイプ,調味料および香辛類
1624,米みそ　甘みそ,調味料および香辛類
1625,米みそ　淡色辛みそ,調味料および香辛類
1626,米みそ　赤色辛みそ,調味料および香辛類
1627,麦みそ,調味料および香辛類
1628,豆みそ,調味料および香辛類
1629,減塩みそ,調味料および香辛類
1630,だし入りみそ,調味料および香辛類
1631,即席みそ,調味料および香辛類
1632,即席みそ　ペーストタイプ,調味料および香辛類
1633,辛子酢みそ,調味料および香辛類
1634,ごまみそ,調味料および香辛類
1635,酢みそ,調味料および香辛類
1636,練りみそ,調味料および香辛類
1637,　カレールウ,調味料および香辛類
1638,　ハヤシルウ,調味料および香辛類
1639,　お茶漬けの素　さけ,調味料および香辛類
1640,　酒かす,調味料および香辛類
1641,　即席すまし汁,調味料および香辛類
1642,　ふりかけ　たまご,調味料および香辛類
1643,　みりん風調味料,調味料および香辛類
1644,オールスパイス　粉,調味料および香辛類
1645,オニオンパウダー,調味料および香辛類
1646,からし　粉,調味料および香辛類
1647,からし　練り,調味料および香辛類
1648,からし　練りマスタード,調味料および香辛類
1649,からし　粒入りマスタード,調味料および香辛類
1650,カレー粉,調味料および香辛類
1651,クローブ　粉,調味料および香辛類
1652,こしょう　黒　粉,調味料および香辛類
1653,こしょう　白　粉,調味料および香辛類
1654,こしょう　混合　粉,調味料および香辛類
1655,さんしょう　粉,調味料および香辛類
1656,シナモン　粉,調味料および香辛類
1657,しょうが　粉,調味料および香辛類
1658,しょうが　おろし,調味料および香辛類
1659,セージ　粉,調味料および香辛類
1660,タイム　粉,調味料および香辛類
1661,チリパウダー,調味料および香辛類
1662,とうがらし　粉,調味料および香辛類
1663,ナツメグ　粉,調味料および香辛類
1664,にんにく　ガーリックパウダー　食塩無添加,調味料および香辛類
1665,にんにく　ガーリックパウダー　食塩添加,調味料および香辛類
1666,にんにく　おろし,調味料および香辛類
1667,バジル　粉,調味料および香辛類
1668,パセリ,調味料および香辛類
1669,パプリカ　粉,調味料および香辛類
1670,わさび　粉　からし粉入り,調味料および香辛類
1671,わさび　練り,調味料および香辛類
1672,酵母　パン酵母　圧搾,調味料および香辛類
1673,酵母　パン酵母,調味料および香辛類
1674,天ぷら用バッター,調味料および香辛類
1675,ベーキングパウダー,調味料および香辛類
1676,カレー　ビーフ,調理加工食品類
1677,ぎょうざ,調理加工食品類
1678,グラタン　えび,調理加工食品類
1679,コーンクリームスープ,調理加工食品類
1680,コロッケ　クリームタイプ,調理加工食品類
1681,コロッケ　ポテトタイプ,調理加工食品類
1682,いか,調理加工食品類
1683,えび,調理加工食品類
1684,白身,調理加工食品類
1685,シチュー　ビーフ,調理加工食品類
1686,しゅうまい,調理加工食品類
1687,ハンバーグ,調理加工食品類
1688,ピラフ,調理加工食品類
1689,ミートボール,調理加工食品類
1690,メンチカツ,調理加工食品類